Feature,Coefficient
Top_Hakimiyeti,0.4541475136827308
Pas_Isabet_Yuzdesi,0.42800792806846194
Isabetli_Sut,0.3174595921311453
Toplam_Sut,0.06860678643047197
Korner,0.023100087095503753
