Model,Tek_Test_Accuracy,CV_Ortalama_Accuracy,CV_Std,ROC_AUC
Logistic Regression,0.7337662337662337,0.7295748367319738,0.02567555812192589,0.7411111111111112
Random Forest,0.6948051948051948,0.7084632813541251,0.010900187396420333,0.7263888888888889
