Feature,Importance
cholesterol,0.2727998557447385
smoker,0.22804661767127324
age,0.18519778799887662
exercise_hours_week,0.16460635447047828
systolic_bp,0.06763653030314672
bmi,0.04300192033542283
family_history,0.03871093347606385
