Feature,Importance
distance_from_home_km,0.38341917984982243
amount,0.25031451030454915
transactions_last_hour,0.1348150965969246
hour,0.09979393348937717
is_foreign,0.07194553587619536
is_new_device,0.05971174388313146
