step,loss
20,4.085501098632813
40,2.0310348510742187
60,1.1239917755126954
80,0.6298469543457031
100,0.35413525104522703
120,0.23511126041412353
140,0.17217025756835938
160,0.13218815326690675
180,0.127333664894104
200,0.10730990171432495
