feature,importance
ram,0.7380969900372149
battery_power,0.10182456371996473
int_memory,0.06831832158071144
px_height,0.03142534120311932
pc,0.022762867061427446
px_width,0.020906608466144245
talk_time,0.004988873096921296
n_cores,0.0030392845046078674
fc,0.0030371421897283785
dual_sim,0.002199382016774684
sc_w,0.0019432149276488852
mobile_wt,0.0014574111957366628
clock_speed,0.0
blue,0.0
four_g,0.0
m_dep,0.0
sc_h,0.0
three_g,0.0
touch_screen,0.0
wifi,0.0
