word,score
açıklamada belirtildiği,3.1397764805352466
belirtildiği,3.1397764805352466
belirtildiği gibi,3.1397764805352466
bir ürün,3.1397764805352466
gibi geldi,3.1397764805352466
standart bir,3.1397764805352466
geldi standart,3.1397764805352466
gibi,3.1397764805352466
standart,3.1397764805352466
ürün,3.1397764805352466
da ortalama,2.850030078279807
seviyede,2.850030078279807
