word,score
bir zaman,3.350795649341312
almam,3.350795649341312
zaman kaybı,3.350795649341312
asla tekrar,3.350795649341312
zaman,3.350795649341312
almam tam,3.350795649341312
asla,3.350795649341312
kaybı,3.350795649341312
tekrar,3.350795649341312
tekrar almam,3.350795649341312
tam bir,3.22464391056703
değmez,3.1129968103035566
