word,score
harika,3.385340161689493
özenliydi,3.18049892798296
hızlı geldi,3.18049892798296
paketleme,3.18049892798296
paketleme çok,3.18049892798296
çok özenliydi,3.18049892798296
özenliydi teşekkürler,3.18049892798296
hızlı,3.18049892798296
ve paketleme,3.18049892798296
teşekkürler,3.18049892798296
şık tasarım,3.129156482427355
kaliteli malzeme,3.129156482427355
