Model,Accuracy,ROC_AUC,PR_AUC,Egitim_Suresi_sn
XGBoost,0.8969166666666667,0.9267177964541247,0.5686675672629513,0.9243049621582031
LightGBM,0.897,0.9262498355955388,0.5643530580689072,1.0523669719696045
