step,loss
20,4.734113311767578
40,3.2909770965576173
60,2.4390375137329103
80,1.722750473022461
100,1.2460322380065918
120,0.9143815994262695
140,0.7193108558654785
160,0.5726403713226318
180,0.49381394386291505
200,0.4671924591064453
